{
    "accuracy": 0.5645833333333333,
    "precision": 0.5297029702970297,
    "recall": 0.4841628959276018,
    "f1_score": 0.5059101654846335
}