{
    "accuracy": 0.6520833333333333,
    "precision": 0.65,
    "recall": 0.5294117647058824,
    "f1_score": 0.5835411471321695
}